frailty,tau0,lambda0,Vm_true,delta,n,emp_mean,emp_sd,mean_est_se,coverage
invgauss,400,0.002,0.8,0.1,400,0.7862651819184797,0.22324035790497207,0.20411935736193149,0.9
invgauss,400,0.002,0.8,0.1,800,0.7892440836535297,0.16032039459898048,0.15009949992793425,0.91
invgauss,400,0.002,2,0.1,400,1.961536747936631,0.5414090591132344,0.44153733376077486,0.85
invgauss,400,0.002,2,0.1,800,1.9807664291178333,0.3842405081780337,0.33911437023774504,0.88
invgauss,400,0.005,0.8,0.1,400,0.7941185907816564,0.1556784931584567,0.1403585512224899,0.89
invgauss,400,0.005,0.8,0.1,800,0.7952293125639629,0.11069343664785537,0.10410537751254943,0.92
invgauss,400,0.005,2,0.1,400,1.9523701078200297,0.4332712273480594,0.3571480060735194,0.83
invgauss,400,0.005,2,0.1,800,1.983595166199404,0.3176826484028449,0.28085028790818517,0.87
lognormal,400,0.002,0.8,0.1,400,0.7895724897495983,0.268576863556548,0.2240954518400186,0.88
lognormal,400,0.002,0.8,0.1,800,0.7901010103133441,0.18853587970947605,0.16845637734607447,0.9
lognormal,400,0.002,2,0.1,400,1.9342155978977198,1.0285867820077388,0.5512120892778923,0.74
lognormal,400,0.002,2,0.1,800,1.9482366245054539,0.8776766164727949,0.4526537999894101,0.78
lognormal,400,0.005,0.8,0.1,400,0.7862640861928349,0.2047659807102999,0.16096951723223948,0.85
lognormal,400,0.005,0.8,0.1,800,0.7999173446202231,0.15953618064651487,0.12629333331566683,0.89
lognormal,400,0.005,2,0.1,400,1.939753306980472,0.8643363333500316,0.48140520974592615,0.7
lognormal,400,0.005,2,0.1,800,1.9635028550970093,0.7319212942946771,0.40747207032934496,0.76
