tau0_T,Vm_true,s_vm,Vm_hat_mean,n_oracle,n_mean,n_sd,power_mean_plan,power_sd_plan,power_prob80_plan,power_prob75_plan,n_plusSE_mean,n_plusSE_sd,power_mean_plusSE,power_sd_plusSE,power_prob80_plusSE,power_prob75_plusSE,n_plusHalfSE_mean,n_plusHalfSE_sd,power_mean_plusHalfSE,power_sd_plusHalfSE,power_prob80_plusHalfSE,power_prob75_plusHalfSE
100,0.2,0.5,0.09484922064730482,878,790,75.7,0.7545916708853083,0.0394796060620415,0.1258,0.5476,862,86.9,0.7898958258037384,0.039448133137611474,0.409,0.8462,826,81.1,0.7728503798687935,0.039515444329529276,0.2502,0.7208
100,0.2,0.55,0.10265009933375104,878,796,76.6,0.7579839124519979,0.039367033095921614,0.138,0.5912,870,88.2,0.7932086082439702,0.039285797846215595,0.4414,0.8652,833,82.2,0.7762092140878679,0.03938320040070905,0.2774,0.7526
100,0.2,0.6,0.11502641418484527,878,807,78.8,0.7632236670533974,0.0395218281899831,0.1794,0.63,882,90.9,0.7983949863278401,0.03931549915212586,0.4806,0.8952,844,84.6,0.7814467090701752,0.0394736760570963,0.323,0.7868
100,0.2,0.65,0.12713908758414125,878,817,79.6,0.7683468504069071,0.039359829820117445,0.2184,0.6852,893,91.4,0.8033618350757504,0.038971702083016944,0.5444,0.914,855,85.3,0.7864980703422281,0.03920743871757669,0.3716,0.8216
100,0.2,0.7,0.13897892086601177,878,827,79.6,0.7733091476295717,0.038830540249253614,0.2516,0.7356,904,91.9,0.8081015946324214,0.03845196356727382,0.589,0.9306,865,85.6,0.7913583733739177,0.03869228520939208,0.4194,0.859
100,0.2,0.75,0.14697807455690978,878,833,82,0.7764459296236463,0.039420790549590044,0.2856,0.7512,912,94.6,0.8111940495065878,0.03890633275134729,0.6174,0.938,873,88.1,0.7944871650227565,0.03921438326456103,0.4594,0.869
100,0.2,0.8,0.15810493761114716,878,843,83.1,0.780913316612287,0.03928197621717971,0.3228,0.7848,922,96.7,0.8155931614428594,0.038851246443566766,0.655,0.9508,883,89.7,0.7989302789866596,0.03912418667370913,0.5016,0.897
100,0.2,0.8500000000000001,0.1647920222324425,878,848,85,0.783470120127898,0.03958677028026332,0.3468,0.8082,929,99.4,0.8180675078296827,0.03919410844190045,0.6848,0.956,889,92,0.8014541593700728,0.03946466677081454,0.5266,0.8974
100,0.2,0.9,0.17441871761935085,878,856,84.6,0.7873169564966348,0.03891553656938231,0.3784,0.831,938,98.9,0.8216693068251371,0.038528801160592964,0.7224,0.9686,897,91.5,0.8051863621523268,0.038787101569202696,0.567,0.9178
100,0.2,0.95,0.18538440689911717,878,866,85.6,0.7915376234467933,0.038580437180024345,0.4244,0.8556,948,99.9,0.8256975960669263,0.038005321725549664,0.7488,0.9742,907,92.5,0.8093196691635663,0.03835573661945704,0.602,0.9392
100,0.2,1,0.1941158785904166,878,873,86.9,0.7947953802814374,0.03887288418307849,0.4616,0.8766,956,101.6,0.8287684705328116,0.03824896658605762,0.7772,0.978,915,94,0.8124892976873859,0.03862974941707353,0.6346,0.942
100,0.2,1.05,0.20644767168874542,878,883,88.8,0.799335063097757,0.03890203862636042,0.5152,0.8958,968,103.9,0.8332708865997557,0.03816326674437213,0.8156,0.9784,926,96.1,0.8170298972015182,0.03859999465752845,0.6874,0.9502
100,0.2,1.1,0.2147522646090844,878,890,90.6,0.8022970413227881,0.03901359255859023,0.5326,0.9076,976,105.7,0.8360879616798624,0.03810955726469451,0.8236,0.9826,933,97.9,0.8199243452608951,0.038620046408401214,0.7106,0.9612
100,0.2,1.15,0.2244341812299962,878,899,91.2,0.8058238467689516,0.03847749689149858,0.5682,0.9266,986,107.7,0.8394158875032633,0.037777786956055874,0.8522,0.987,942,99.2,0.8233658342976238,0.03820724881507799,0.733,0.9694
100,0.2,1.2,0.23523622627992813,878,908,92.3,0.8096321910024952,0.038513919785424955,0.6144,0.9336,996,108.7,0.8429944766620526,0.03767185503236414,0.872,0.9908,952,100.2,0.8270637464446189,0.0381663332216715,0.7674,0.9724
100,2,0.5,0.9852407998685865,2391,1538,200.3,0.6100580624021695,0.05423980374141222,0.0014,0.0102,1717,252.5,0.6560921804247787,0.06007135033245502,0.0148,0.0622,1627,225.6,0.6337079928209897,0.0573671143830919,0.006,0.0266
100,2,0.55,1.0800618214388285,2391,1618,212,0.6315485512659516,0.054974955871380425,0.0026,0.0232,1811,270.3,0.6786706991390173,0.060936451474209334,0.0342,0.1176,1714,240.3,0.6558355232793104,0.058213161123071316,0.013,0.0582
100,2,0.6,1.1823647850947394,2391,1704,232.2,0.6534410776372213,0.057079803060996324,0.007,0.056,1910,296.2,0.701005860551653,0.0623738650227776,0.0648,0.2102,1807,263.3,0.6780335692704061,0.06001732924707036,0.0302,0.1146
100,2,0.65,1.2781577649016118,2391,1784,244.5,0.6731818836693694,0.05693578817794657,0.0198,0.0942,2003,310.9,0.7210284958977959,0.061503238628779024,0.1042,0.3068,1894,276.8,0.6979828619659993,0.05951166034423418,0.0524,0.1846
100,2,0.7,1.3770695667238544,2391,1868,265.1,0.6923223018917655,0.05824042122215394,0.04,0.1606,2100,341.4,0.7401253388255091,0.06235445955768038,0.167,0.4244,1984,302.3,0.7171791999046693,0.06065113513700564,0.084,0.2852
100,2,0.75,1.4739974557048132,2391,1949,281.8,0.7102354563738785,0.05894089364429335,0.067,0.247,2197,364.6,0.7582140197451106,0.06252596260422806,0.246,0.5426,2073,322,0.7352738920365804,0.06111111047158477,0.1468,0.3936
100,2,0.8,1.5796837713717888,2391,2038,300.6,0.7287296493075125,0.0591165437848066,0.118,0.3534,2301,389.8,0.776339778696253,0.06192720799517396,0.3462,0.6558,2169,344,0.7536550136729961,0.06091530547115749,0.2218,0.5108
100,2,0.8500000000000001,1.6765540307445441,2391,2119,312.4,0.7449942166811929,0.05803143109174366,0.17,0.4546,2395,406,0.7919743602998827,0.06015700347266264,0.438,0.7584,2257,357.9,0.769658250126499,0.05947767441873281,0.3002,0.6216
100,2,0.9,1.7698342547489867,2391,2198,334.6,0.7594436541369768,0.0585680898782782,0.2412,0.56,2488,433.8,0.8059629417268935,0.059766903360093125,0.5346,0.8202,2343,383,0.7839387641415253,0.05955160245345459,0.395,0.7086
100,2,0.95,1.870371601206883,2391,2282,352.7,0.7743475900440455,0.05860613462140262,0.3322,0.6556,2586,455.7,0.8200117544068759,0.05909131297532208,0.6276,0.8794,2434,402.9,0.7984686931527788,0.059239137859595906,0.4878,0.79
100,2,1,1.9602878388139175,2391,2358,372.3,0.7869379524850284,0.05797445600291791,0.4116,0.744,2676,487.4,0.8318417094612824,0.05782761441166071,0.7108,0.9192,2517,428.4,0.8107261169816479,0.05829778130676018,0.5714,0.852
100,2,1.05,2.065751686793318,2391,2447,388.2,0.8010048324786941,0.05743227094216653,0.515,0.8074,2778,505.1,0.8447290904632075,0.05662890141134665,0.7794,0.9498,2612,445.2,0.8242406396271532,0.05741145257217195,0.6686,0.894
100,2,1.1,2.1659978111830664,2391,2531,414.5,0.8133761387947384,0.05642349422645505,0.587,0.8698,2879,539.9,0.85628139225163,0.05473484776000045,0.8434,0.9728,2705,475.7,0.8362537870910651,0.055932488612534206,0.7342,0.9366
100,2,1.15,2.266804716328146,2391,2616,421.1,0.8255621709701927,0.05483032080922318,0.6768,0.9142,2980,551.9,0.8674249002956337,0.05265335163743865,0.8926,0.9846,2798,484.9,0.8479622692838699,0.05410719190569363,0.802,0.964
100,2,1.2,2.3458280580394937,2391,2682,444.4,0.8340624275700238,0.05487556329228646,0.73,0.9318,3061,587.1,0.8750521688906944,0.0522035619752932,0.913,0.98740000000000006,2871,514.1,0.8560544439104879,0.0538940593710742,0.845,0.9692
200,0.2,0.5,0.09392268329762515,523,434,76.2,0.7153348547438025,0.07390073268601645,0.1212,0.3246,507,87.9,0.7786906251934091,0.06798944315064231,0.3966,0.6846,471,81.9,0.748772006176905,0.07107082637104774,0.2406,0.5186
200,0.2,0.55,0.1056580319678508,523,444,77.5,0.7247598644351516,0.07294113813816609,0.1574,0.3838,518,89.4,0.7869678933950165,0.06694726964470339,0.4466,0.716,481,83.3,0.7576276052205103,0.07006960361611243,0.2916,0.5586
200,0.2,0.6,0.11592776913512023,523,453,78.7,0.7327438131699604,0.07282333719751816,0.185,0.425,528,91.4,0.794130929798006,0.06665981469882284,0.4982,0.7582,490,84.9,0.7652246210591824,0.06987804688510135,0.3224,0.6138
200,0.2,0.65,0.12612233501017195,523,461,78.6,0.7407902485546235,0.07079768681068659,0.2168,0.4756,537,90.9,0.8010792129422977,0.06439441389242531,0.5364,0.7878,499,84.6,0.7727208112945485,0.0677095100485778,0.374,0.645
200,0.2,0.7,0.1352603315712306,523,469,81.7,0.7471311919266465,0.07249192025391257,0.24,0.514,546,94.1,0.8067619190971795,0.06551565101726378,0.5778,0.816,507,87.7,0.778748998898641,0.0690978829020146,0.4078,0.6892
200,0.2,0.75,0.1442985298000756,523,476,83,0.7536950945509204,0.07148116349038097,0.2688,0.5462,555,96.2,0.8127161187994114,0.06442350466782805,0.6116,0.841,516,89.4,0.7850301330494105,0.0680561401566271,0.4434,0.721
200,0.2,0.8,0.15580604904046336,523,486,82.8,0.7621297560630945,0.06955165296716355,0.3122,0.596,565,95.9,0.8201059578525333,0.062468430702595945,0.6558,0.8662,526,89.1,0.7929641756440302,0.06609418460648418,0.4916,0.7518
200,0.2,0.8500000000000001,0.1652673190103679,523,494,84.2,0.7686136705866417,0.06878271394637796,0.3452,0.6364,574,98.7,0.8255721955516859,0.06170706762571184,0.6928,0.8824,534,91.2,0.7989265669822277,0.06535318139812271,0.5314,0.7844
200,0.2,0.9,0.1765489117383488,523,504,84.8,0.7763348125537379,0.06738311518988191,0.3956,0.6756,585,98.8,0.8325548276644299,0.060100022915976284,0.7262,0.9036,544,91.6,0.8063054441113501,0.06382422052630697,0.575,0.8148
200,0.2,0.95,0.18337750062278252,523,509,86.5,0.7805684817166534,0.06838596493319504,0.4218,0.7004,591,100.8,0.8360653254537329,0.06083377634060997,0.7544,0.909,550,93.4,0.8101750267770554,0.06469126053361085,0.6038,0.8312
200,0.2,1,0.19810999166266458,523,522,87.1,0.790246546075733,0.06542031751946029,0.4744,0.7466,606,101.8,0.8446380364171778,0.057760529841301256,0.7856,0.9348,564,94.2,0.8193263233792443,0.06165619981106331,0.6532,0.8628
200,0.2,1.05,0.20139413290989314,523,524,87.3,0.7923074902716957,0.06548004697343571,0.4828,0.7504,609,102.3,0.8462780504001238,0.05796905027935749,0.798,0.9424,567,94.5,0.8211805897998417,0.06179702493627938,0.6636,0.8718
200,0.2,1.1,0.21636018370825325,523,537,89,0.8014576733397648,0.06349518420363787,0.5396,0.8012,623,104.3,0.8540322392724695,0.05559466613015442,0.8386,0.9526,580,96.4,0.8296204701900068,0.05960185632280866,0.7176,0.8984
200,0.2,1.15,0.2268616784758014,523,546,91.6,0.807366321078109,0.06362559776582895,0.5842,0.8198,633,107.6,0.8590743605218664,0.05547332043813771,0.8556,0.9578,589,99.3,0.835109682538785,0.05958646637718526,0.7426,0.9106
200,0.2,1.2,0.235331055884098,523,553,91,0.8125369729818537,0.061928781152439945,0.6098,0.844,641,107.4,0.8636157840758721,0.0539293558812568,0.8766,0.969,597,98.9,0.8399799077161879,0.05797187151541333,0.7692,0.9298
200,2,0.5,0.9854791310295955,2037,1184,205.3,0.5656302845300863,0.06934836900056009,0.0024,0.0072,1363,260.2,0.6234732026579103,0.07595334304202084,0.0174,0.056,1273,232,0.5954391730689053,0.07299118717632015,0.007,0.0252
200,2,0.55,1.0849980119527691,2037,1267,214.7,0.5941602523154411,0.06963847278804866,0.0034,0.0176,1460,270.5,0.6529623080460651,0.07549476237581865,0.0336,0.1066,1364,241.8,0.6245661748713895,0.07291736288311972,0.0106,0.0492
200,2,0.6,1.1835576015656475,2037,1350,228.7,0.620816135660033,0.07019907536265559,0.0076,0.0394,1556,290.7,0.6798400700075532,0.0752857226438367,0.0596,0.176,1453,258.8,0.6514475450131313,0.07313919504120726,0.027,0.0932
200,2,0.65,1.2826584103086545,2037,1433,248.6,0.6459532902441266,0.07118079375490222,0.0226,0.0718,1653,317.7,0.7046218306253186,0.0752413459037827,0.1044,0.2616,1543,282.2,0.6765118952015755,0.07364893945595821,0.0526,0.1516
200,2,0.7,1.3787486739724133,2037,1514,270.1,0.6688659898865409,0.07265060462900405,0.0414,0.1296,1747,347.4,0.7270718815143936,0.07545489282385986,0.1654,0.37,1630,307.7,0.6992884590700775,0.07451679265841962,0.0918,0.2424
200,2,0.75,1.4767020967907136,2037,1597,278.2,0.6915431744702379,0.07146147075150651,0.07,0.2064,1842,356.7,0.7491877782426649,0.07362210641632769,0.2476,0.4808,1720,316.3,0.721785312277298,0.0730130160378841,0.1452,0.3378
200,2,0.8,1.5701373009926605,2037,1675,299,0.7114344737930888,0.07118037996566816,0.1092,0.2912,1936,390.7,0.7683875918489358,0.0726478181879874,0.335,0.5934,1806,343.7,0.7414284596520757,0.07243466748185076,0.2088,0.446
200,2,0.8500000000000001,1.6739503605703985,2037,1762,316.1,0.7324408888386055,0.07053710505438074,0.1654,0.3972,2038,411,0.7883131004626904,0.07069201804121185,0.439,0.7136,1900,362.3,0.7619720913873811,0.07108888855705837,0.2978,0.5634
200,2,0.9,1.7703758037655224,2037,1844,332.3,0.7506874208687341,0.0698021215197423,0.2414,0.4982,2134,434.3,0.8053331047897614,0.06906576029837756,0.5262,0.7832,1989,381.9,0.7796854807169259,0.06994420973757606,0.3878,0.6572
200,2,0.95,1.866814735579163,2037,1925,359.1,0.7675922507847698,0.06871318630732216,0.3206,0.5992,2229,473.1,0.8208406464611077,0.06700588054055727,0.6284,0.8484,2077,414.7,0.7959433791018664,0.06832740801151835,0.4812,0.7452
200,2,1,1.9638455161626014,2037,2006,370.8,0.783913074850242,0.06734604759558792,0.4072,0.6942,2325,486.3,0.8358164676359671,0.0646897248867066,0.7156,0.9004,2166,427.1,0.8116486452127105,0.06644632889150551,0.58,0.8264
200,2,1.05,2.0560654911627374,2037,2084,386.9,0.7983387340015422,0.06591527216913644,0.4934,0.767,2417,508.2,0.8488732128416887,0.06226599694406673,0.7816,0.9388,2251,446.1,0.825437687206243,0.06449331779165354,0.66,0.8736
200,2,1.1,2.150612942951219,2037,2163,407.3,0.8119924298024577,0.06525732038314289,0.5804,0.8252,2510,532,0.8607850119090609,0.060887174179200164,0.836,0.9548,2337,468.1,0.8382466380944184,0.06344249442857204,0.737,0.9072
200,2,1.15,2.2587834764774666,2037,2254,424.2,0.8268741521055756,0.0630194619977462,0.67,0.8808,2615,553.3,0.8735805582640613,0.0577979098901324,0.8898,0.9772,2435,487.2,0.8520918039928559,0.060741823039447376,0.801,0.9448
200,2,1.2,2.364188570821689,2037,2343,438.8,0.8405180853547599,0.060365425716502975,0.7552,0.9216,2724,579.1,0.8855852595742925,0.05491386362079581,0.9272,0.985,2533,507.2,0.8649745870090154,0.05796413314200756,0.8632,0.967
400,0.2,0.5,0.09770897494561899,346,260,74.4,0.6627802452778887,0.12326316457273359,0.126,0.2536,333,85.6,0.7654352624408642,0.10456145298335191,0.4182,0.6096,297,79.8,0.7181102048373798,0.11412597146460887,0.2526,0.4314
400,0.2,0.55,0.10627680344257286,346,267,77.5,0.6733081783072163,0.12532011860977735,0.153,0.2986,341,89.3,0.7736671042493279,0.1054287461699437,0.4562,0.633,304,83.2,0.727473238152025,0.11558497961684831,0.2936,0.4728
400,0.2,0.6,0.11468332597034804,346,274,78.5,0.6843970824478592,0.12277123060595697,0.1732,0.3272,349,90.4,0.7831368580281105,0.10218652961696728,0.4898,0.6742,312,84.3,0.7377900312602701,0.11260466680390556,0.323,0.508
400,0.2,0.65,0.12606999601144048,346,284,78.9,0.6992947541598835,0.1193222756772739,0.2088,0.3692,360,90.8,0.7952155887527049,0.09857987762166871,0.543,0.7168,322,84.7,0.7512859695711769,0.1090251136339617,0.3664,0.56
400,0.2,0.7,0.13927006378710907,346,295,80,0.7156538741607102,0.11451850183131959,0.2496,0.4238,372,92.2,0.8083729917404291,0.09331041519455507,0.5888,0.759,334,85.9,0.7660638520231784,0.10389644347264806,0.417,0.6038
400,0.2,0.75,0.14317366815956586,346,298,82.6,0.7192775722364813,0.11682195559724909,0.263,0.4436,376,96.2,0.8108685375069433,0.09566473211974046,0.5984,0.768,337,89.2,0.7691218492471319,0.10625366980172764,0.4378,0.6188
400,0.2,0.8,0.15661533601235691,346,309,84.4,0.7346341822254593,0.114073728162463,0.3152,0.4946,389,98.3,0.8229178381093896,0.09250618558885164,0.6542,0.806,349,91.1,0.7827986585612393,0.10327739246122673,0.496,0.6734
400,0.2,0.8500000000000001,0.16580954791037977,346,317,83.4,0.7456160438035144,0.10959039607554985,0.3506,0.5324,398,97.9,0.8317143660876934,0.08842691147877776,0.6832,0.835,358,90.4,0.7926813362813386,0.09899730245625527,0.5284,0.7004
400,0.2,0.9,0.17319687931212796,346,323,83.9,0.7537580202131707,0.10696726659337251,0.3728,0.5694,405,97.6,0.8380878865022967,0.08533120147832546,0.7144,0.8518,364,90.5,0.7999252067609709,0.09602394116219574,0.5612,0.7298
400,0.2,0.95,0.18481175518623194,346,333,87.1,0.7649668526247233,0.10576116293900065,0.4152,0.6094,416,102.3,0.8465037886103807,0.0838321771672052,0.7556,0.876,374,94.5,0.8097047897408254,0.09465314491351252,0.5976,0.7688
400,0.2,1,0.1949855873370999,346,342,87.9,0.775134104041409,0.10366725055568873,0.4578,0.6398,425,102.8,0.8543202047245596,0.08148031007106031,0.7798,0.892,384,95.1,0.8186601894577763,0.09237253286245567,0.6286,0.7924
400,0.2,1.05,0.20707528263352074,346,352,89.3,0.7864886160872859,0.10174678619614853,0.506,0.6918,436,103.9,0.862738420013758,0.07928223346319103,0.81,0.9054,394,96.4,0.8284991948683081,0.09024534335946101,0.6822,0.8234
400,0.2,1.1,0.21665990744864963,346,360,90,0.7954696580523132,0.09853886624493849,0.5384,0.7184,446,105.6,0.869631252065759,0.0761329443880067,0.8362,0.9228,403,97.5,0.8364245819068931,0.08705473621183718,0.7108,0.8498
400,0.2,1.15,0.22328631896507858,346,366,90.7,0.8014082425029454,0.09693338131460094,0.5724,0.7426,452,106.1,0.8738991042326282,0.07498392715651704,0.8494,0.9316,409,98.1,0.8414844813027837,0.08566156140855603,0.7332,0.8596
400,0.2,1.2,0.23628219429901248,346,376,94.1,0.8115770300060817,0.09623051656027855,0.615,0.7754,465,110.6,0.8813699394724956,0.0736853493228325,0.8648,0.9376,421,102.1,0.8502526417284942,0.08462017671487473,0.7688,0.8764
400,2,0.5,0.9754328755614923,1859,998,194.1,0.5324271378503675,0.07627803457665994,2e-4,0.005,1175,243.9,0.5984668059385573,0.08316639479454216,0.0126,0.0436,1087,218.2,0.5664825446553639,0.0801019244242016,0.0042,0.0176
400,2,0.55,1.0821958133244818,1859,1088,210.8,0.5672406455591437,0.07872476082379797,0.0024,0.014,1279,265.1,0.6339342980530065,0.08471519101448706,0.0278,0.087,1184,237.1,0.6017839850202054,0.08214008809327449,0.0114,0.0388
400,2,0.6,1.1841746837389364,1859,1173,228.9,0.5985454514357101,0.07974156153987988,0.0082,0.0298,1378,289.8,0.6649869183116996,0.0843936917437158,0.058,0.1586,1276,258.4,0.6330941082232517,0.08252953797530198,0.023,0.0822
400,2,0.65,1.2788334425743788,1859,1253,243.7,0.6260667425068477,0.08005000827928703,0.0194,0.0642,1470,309.7,0.6920877661092001,0.08353425311929964,0.0994,0.2426,1362,275.7,0.6605330398707577,0.08228548006606774,0.0494,0.14
400,2,0.7,1.387157091980484,1859,1344,264.6,0.6554911674741926,0.08080538177582391,0.0376,0.1242,1578,340.9,0.7209352669693883,0.08296511056989159,0.1746,0.3636,1461,301.6,0.6898184359038766,0.0824333861119949,0.0924,0.2386
400,2,0.75,1.4719622325652713,1859,1415,278.1,0.677287301754466,0.08031511925616198,0.0634,0.1802,1662,357.7,0.7420780366355582,0.08158883547351685,0.241,0.4672,1539,316.9,0.7113981804442867,0.08151272994842028,0.1378,0.32
400,2,0.8,1.5747395764937397,1859,1502,293.1,0.702245999116089,0.07946291805865507,0.1152,0.2794,1762,378.6,0.7654271120438951,0.07964607366198781,0.3402,0.5842,1632,334.6,0.7356479962389706,0.08011085274405498,0.2136,0.4296
400,2,0.8500000000000001,1.6768052718265185,1859,1588,324,0.7245796216439512,0.07959691422930562,0.1766,0.3754,1864,423.6,0.7862370578682218,0.07810973031514937,0.4426,0.679,1726,372.6,0.7573147552132564,0.07940391572542695,0.304,0.5392
400,2,0.9,1.769998764911761,1859,1666,329.4,0.7446692512965981,0.07780117902908648,0.2458,0.4758,1954,424.9,0.8044982933163433,0.07553235459413185,0.532,0.7628,1810,376,0.7765474526347885,0.07720517820783213,0.3896,0.64
400,2,0.95,1.8784432176395836,1859,1757,356.9,0.765534813131263,0.0768195202135402,0.3334,0.5904,2065,466.7,0.8236890714992476,0.07336497619941004,0.6436,0.8392,1911,410.5,0.7966827003510127,0.07560159042138884,0.4964,0.7366
400,2,1,1.9666457544419806,1859,1831,376.5,0.7815058623731801,0.07481218366932328,0.4136,0.671,2150,490.5,0.8376497328875716,0.07016030754815163,0.7108,0.8876,1991,432.1,0.8116639149641531,0.07294074694455385,0.5738,0.796
400,2,1.05,2.0648285413426404,1859,1914,376.7,0.7990972713285467,0.07138966329131131,0.5062,0.7556,2247,489.3,0.8532652942079089,0.06602033223849668,0.7926,0.9304,2080,431.5,0.8283216672892924,0.0691268587444607,0.67,0.8694
400,2,1.1,2.17085274840197,1859,2003,413.6,0.8148540318660495,0.0712721469600099,0.5942,0.8148,2355,543,0.8667083822634538,0.06499040175675352,0.8406,0.952,2179,476.8,0.8429578104857087,0.06853522915665675,0.7394,0.9018
400,2,1.15,2.264194724932492,1859,2081,432.9,0.8284683537970007,0.06908944282891213,0.6824,0.8618,2448,569.7,0.8781815942610672,0.061929965523841696,0.888,0.9686,2265,499.7,0.8555048513755655,0.06586517661711341,0.8016,0.9322
400,2,1.2,2.3651449698600144,1859,2166,452.1,0.8423158818300583,0.06609289906133556,0.744,0.9082,2549,597.5,0.8898314868614533,0.05827108792370946,0.9226,0.9802,2357,523.1,0.8682646509659974,0.062469920967948636,0.8552,0.9584
