s_vm,r_frac,tau0_I,Vm_true,n_init_mean,n_init_sd,Vm_hat_interim_mean,se_Vm_interim_mean,n_oracle,n_update_mean,n_update_sd,n_final_mean,n_final_sd,power_mean_final,power_sd_final,power_prob80_final,power_prob75_final,n_final_plusSE_mean,n_final_plusSE_sd,power_mean_plusSE,power_sd_plusSE,power_prob80_plusSE,power_prob75_plusSE,n_final_plusHalfSE_mean,n_final_plusHalfSE_sd,power_mean_plusHalfSE,power_sd_plusHalfSE,power_prob80_plusHalfSE,power_prob75_plusHalfSE
0.5,0.1,40,2,997.8779999999999,194.05698631790548,1.9653235046695419,0.45393532033026085,1859,1830,435.3,1832,433.1,0.7774353208743976,0.08874090913985602,0.4272,0.6344,2212,569.9,0.8424263300684721,0.08020089271766208,0.7222,0.8716,2021,499.8,0.8126617708166948,0.08510376163462048,0.5832,0.7832
0.5,0.2,80,2,997.8779999999999,194.05698631790548,1.9723622109934984,0.35184262569373936,1859,1836,333.9,1837,333.2,0.7852528505476865,0.06737172910257995,0.428,0.6994,2132,435.4,0.8376241404446089,0.06437086423679711,0.7218,0.9058,1984,382.9,0.8132541748817357,0.06630498060132993,0.5878,0.8248
0.5,0.30000000000000004,120.00000000000001,2,997.8779999999999,194.05698631790548,1.9774002435644333,0.31835736774293827,1859,1840,309.1,1841,308.9,0.7875414733319808,0.06172539730152672,0.4268,0.7286,2108,399,0.8355251065317293,0.05991368856800529,0.7266,0.9198,1974,352.7,0.8130623741279788,0.06117454943551746,0.5848,0.8472
0.5,0.4,160,2,997.8779999999999,194.05698631790548,1.9750700256843654,0.30044102420015817,1859,1838,291.1,1839,291.1,0.78799150752262,0.058855579029285315,0.4258,0.743,2091,380.4,0.83362826733948,0.05791621844516863,0.7218,0.924,1965,334.4,0.8121925266384927,0.058756194907880734,0.5888,0.8578
0.5,0.5,200,2,997.8779999999999,194.05698631790548,1.9706046720430885,0.2888869266459772,1859,1835,282.4,1835,282.5,0.7876414758730335,0.05658831439801732,0.4104,0.7458,2078,366.5,0.8319487848952416,0.056030267625191,0.7126,0.9324,1956,323.3,0.8110861439748128,0.05665519370079294,0.5736,0.8656
0.5,0.6,240,2,997.8779999999999,194.05698631790548,1.9706155678367119,0.28239291860775045,1859,1835,268.9,1835,268.9,0.7882758920809917,0.054127943920231736,0.4104,0.7566,2072,350.9,0.8317574248304039,0.05384144450991612,0.7186,0.9358,1953,308.6,0.8112547740757563,0.05433524659105548,0.572,0.8722
0.5,0.7000000000000001,280,2,997.8779999999999,194.05698631790548,1.9755739157835523,0.27715147428200576,1859,1839,264.6,1839,264.6,0.7893667853945402,0.05350106452119219,0.413,0.7742,2072,342.7,0.8319959834244104,0.05360268613960357,0.7224,0.9356,1955,302.5,0.8118792338687858,0.053883532867141114,0.5844,0.8812
0.5,0.8,320,2,997.8779999999999,194.05698631790548,1.9790571960122278,0.27474783112515266,1859,1842,269.6,1842,269.4,0.7897976559922523,0.05458676909183296,0.4272,0.7672,2073,348.1,0.831860994063634,0.05461879246132011,0.7188,0.9286,1957,307.6,0.8119995188335418,0.05493549701412559,0.5846,0.8738
0.5,0.9,360,2,997.8779999999999,194.05698631790548,1.9746656086211096,0.2720607387624626,1859,1838,259.7,1838,259.7,0.7894885521630859,0.05215557935646644,0.4182,0.7816,2067,338.7,0.8314189969990472,0.05250060309919888,0.7298,0.9376,1952,298.1,0.8116172142458671,0.05265151261565226,0.5892,0.8814
0.7,0.1,40,2,1344.0152,264.61709130357036,1.981130362522139,0.40392215379772883,1859,1843,384.6,1869,369.4,0.7901804900555863,0.07231550092171427,0.4598,0.7106,2192,488.6,0.8444603225473079,0.06924841989549382,0.7468,0.9132,2028,427.9,0.8189385052586713,0.07153026411645677,0.6194,0.8344
0.7,0.2,80,2,1344.0152,264.61709130357036,1.977379120848877,0.31091769675878395,1859,1840,292.3,1855,290,0.7916885919003349,0.0580060367907341,0.4456,0.7594,2108,374.2,0.8367771161883707,0.05676883681339906,0.7398,0.936,1981,330.6,0.8153798953625367,0.057769219632899584,0.6044,0.8648
0.7,0.30000000000000004,120.00000000000001,2,1344.0152,264.61709130357036,1.9774478924302192,0.2810128480937356,1859,1840,263.6,1855,263.5,0.7928517259352398,0.05301891990188808,0.4474,0.791,2083,336.2,0.8341633817505266,0.052797323074195546,0.74,0.9398,1968,298.3,0.8144718526091014,0.053185244021005024,0.6094,0.8882
0.7,0.4,160,2,1344.0152,264.61709130357036,1.98017382196412,0.2663387377087346,1859,1843,250.8,1857,250.6,0.7938484864299786,0.050263484159054246,0.4482,0.806,2073,318.4,0.8332500915915466,0.05069836495688508,0.7424,0.9464,1964,283,0.8144481187310716,0.05070595678628404,0.612,0.8948
0.7,0.5,200,2,1344.0152,264.61709130357036,1.9828443078267122,0.2583091787179835,1859,1845,243.3,1858,245,0.7943192354429521,0.04892341334804219,0.456,0.8192,2068,314.4,0.8326959994473887,0.04929936477943762,0.7494,0.9534,1962,278,0.8143650303319214,0.049354019786661,0.616,0.9042
0.7,0.6,240,2,1344.0152,264.61709130357036,1.9837910413916773,0.251532742891045,1859,1846,236,1858,237.9,0.7947502204264143,0.047610715552429066,0.4508,0.8248,2063,303.3,0.832251444719129,0.048242027459443386,0.7486,0.9574,1960,269,0.8143031844911861,0.04815419708620572,0.6142,0.9098
0.7,0.7000000000000001,280,2,1344.0152,264.61709130357036,1.9866192122021988,0.24743642310678438,1859,1848,237.6,1861,238.4,0.79533365295131,0.047249682516900274,0.455,0.8324,2062,305.2,0.8321027373985458,0.04789129220799392,0.7448,0.9602,1961,270.2,0.8145198170185861,0.047763602399897985,0.612,0.9098
0.7,0.8,320,2,1344.0152,264.61709130357036,1.9745546827948122,0.24181498232279341,1859,1838,227.3,1850,230.4,0.7932753815028329,0.04663349246980711,0.4352,0.8278,2047,291.7,0.8298715359122176,0.047362219280189584,0.7362,0.954,1948,259.5,0.8123422971728284,0.047190648472756364,0.6022,0.912
0.7,0.9,360,2,1344.0152,264.61709130357036,1.9768250351758667,0.23964765585126785,1859,1840,225,1852,227.7,0.7938989616539054,0.04590093181092676,0.4414,0.829,2047,287.7,0.8300724121002372,0.046719384658892804,0.7356,0.9612,1949,256.2,0.8127257598579765,0.04649643194946176,0.6038,0.9144
