s_vm,r_frac,n_init_mean,n_final_mean,Vm_hat_hist_mean,Vm_hat_interim_mean,type1_main,type1_plusHalfSE,type1_plusSE,mc_se_main,mc_se_plusHalfSE,mc_se_plusSE
0.5,0.1,1004.26585,1831.31915,0.9830353013720022,1.9640878256985876,0.054599999999999704,0.055499999999999834,0.053799999999999855,0.0016065310454516548,0.0016189464166549777,0.0015953927416156792
0.5,0.3,1006.0351000000001,1839.4249,0.9851425975501895,1.9758325919241357,0.0511999999999998,0.05009999999999983,0.051499999999999865,0.001558501844721395,0.001542562640543324,0.0015628139684556168
0.5,0.5,1010.72305,1837.35365,0.9907171210123917,1.9733932600315744,0.053549999999999924,0.051400000000000105,0.052399999999999794,0.001591891916871242,0.0015613782373275237,0.001575662400389116
0.5,0.7,1005.45015,1837.6154,0.9844465420025311,1.9736662787733243,0.051150000000000154,0.05040000000000018,0.048949999999999855,0.0015577817160950397,0.0015469298626634655,0.0015256784966040497
0.5,0.9,1003.96495,1842.3721,0.9826743521340003,1.9796002883189867,0.054850000000000586,0.05540000000000001,0.05379999999999987,0.0016099918866255276,0.0016175728731652249,0.0015953927416156794
0.7,0.1,1337.59615,1865.234,1.3795271998615881,1.9782736406556232,0.053700000000000414,0.05159999999999995,0.05275000000000013,0.0015939935696231708,0.001564248062169168,0.0015806238878999666
0.7,0.3,1338.3817,1858.4843,1.3804634294600522,1.9831989123739344,0.05115000000000018,0.051449999999999795,0.05220000000000071,0.00155778171609504,0.0015620963078504446,0.0015728184892097473
0.7,0.5,1334.2506,1857.8087,1.3755530145470827,1.9830306539085332,0.04999999999999995,0.050499999999999955,0.051049999999999963,0.0015411035007422433,0.001548382220254417,0.001556340218268486
0.7,0.7,1332.521,1855.2685,1.3734880747352514,1.981694691423283,0.05275000000000023,0.051499999999999796,0.051799999999999936,0.001580623887899968,0.001562813968455616,0.0015671113553286497
0.7,0.9,1335.46065,1854.3681,1.3769935655212426,1.980267670582852,0.053250000000000054,0.05190000000000013,0.05360000000000031,0.0015876781396114272,0.0015685405637088272,0.0015925928544358139
0.8,0.1,1504.3296,1893.9622,1.5778558659353383,1.9734473414611369,0.05335000000000002,0.05485000000000043,0.053849999999999884,0.00158908428819871,0.0016099918866255257,0.0015960917501822993
0.8,0.3,1499.97815,1885.21585,1.5726789066977482,1.983434766219699,0.05019999999999979,0.05195000000000009,0.04924999999999995,0.0015440200775896635,0.0015692545602928813,0.0015301051842928962
0.8,0.5,1497.03335,1882.78085,1.5691817495596665,1.9862048449158485,0.052950000000000406,0.052799999999999965,0.05364999999999966,0.001583450307082612,0.0015813310848775467,0.0015932934051831084
0.8,0.7,1501.2772,1884.6062,1.5742283311375145,1.9890852868712225,0.05410000000000076,0.05500000000000018,0.053649999999999975,0.0015995810388973839,0.0016120638945153532,0.0015932934051831127
0.8,0.9,1502.81105,1881.9682,1.576052725808588,1.9845089477781368,0.049700000000000084,0.050849999999999854,0.049800000000000094,0.0015367158162783398,0.001553452244196774,0.0015381800934871066
0.9,0.1,1667.8504,1948.87795,1.7723627737734606,1.975476727940046,0.05040000000000017,0.051099999999999986,0.050699999999999794,0.0015469298626634652,0.0015570611741354285,0.001551281889277378
0.9,0.3,1664.7571,1932.922,1.7686910838796777,1.9844675479271483,0.052449999999999775,0.053049999999999965,0.053049999999999854,0.0015763723782786826,0.0015848611532244706,0.0015848611532244688
0.9,0.5,1664.5571,1930.19415,1.7684476888547764,1.9859313178520899,0.051250000000000254,0.05115000000000016,0.05069999999999985,0.001559221560587209,0.0015577817160950399,0.0015512818892773786
0.9,0.7,1668.83755,1929.62965,1.7735451482029863,1.9879243196394998,0.053449999999999775,0.054900000000000046,0.054250000000000194,0.001590488879244363,0.0016106829296916269,0.0016016700268781984
0.9,0.9,1663.54865,1929.98045,1.7672494133865821,1.9904148244393032,0.05210000000000011,0.053600000000000106,0.05309999999999996,0.001571394126245865,0.0015925928544358113,0.0015855659872739444
